{
  "column_properties": {
    "res://addons/": {
      "resource_local_to_scene": {
        "visibility": 0.0
      },
      "resource_name": {
        "visibility": 0.0
      }
    },
    "res://data/errors/": {
      "resource_local_to_scene": {
        "visibility": 0.0
      },
      "resource_name": {
        "visibility": 0.0
      }
    },
    "res://saves/": {
      "resource_local_to_scene": {
        "visibility": 0.0
      },
      "resource_name": {
        "visibility": 0.0
      }
    },
    "res://saves/default/": {
      "filename": {
        "visibility": 0.0
      },
      "resource_local_to_scene": {
        "visibility": 0.0
      },
      "resource_name": {
        "visibility": 0.0
      }
    },
    "res://saves/default/level_data/": {
      "resource_local_to_scene": {
        "visibility": 0.0
      },
      "resource_name": {
        "visibility": 0.0
      }
    },
    "res://saves/gabe1/": {
      "resource_local_to_scene": {
        "visibility": 0.0
      },
      "resource_name": {
        "visibility": 0.0
      }
    }
  },
  "recent_paths": [
    "res://saves/default/",
    "res://saves/default/level_data/",
    "res://saves/",
    "res://saves/gabe1/"
  ],
  "table_functions": {
    "filter": [
      "return true"
    ],
    "process": [
      "return value"
    ]
  }
}